_id,buyer,products,amount,currency,createdAt
ObjectId(564e1a11ac06589859f60653),ObjectId(56e00953928dff90069783a1),"[{""$oid"":""56e008f32323682a06012565""}]",40,SEK,2015-11-19T18:15:54.377Z
ObjectId(5652216332780a54044a9c0c),ObjectId(56e00953928dff90069783a2),"[{""$oid"":""56e008f32323682a06012565""}]",40,SEK,2015-11-19T22:07:16.350Z
ObjectId(5658190732780a54044a9c10),,,90,SEK,2015-11-19T22:07:16.350Z
ObjectId(565b9be032780a54044a9c13),ObjectId(56e00953928dff90069783a3),"[{""$oid"":""56e008f32323682a06012567""}]",100,SEK,2015-11-19T22:07:16.350Z
ObjectId(565bfba432780a54044a9c16),ObjectId(56e00953928dff90069783a4),"[{""$oid"":""56e008f32323682a06012566""}]",90,SEK,2015-11-19T22:07:16.350Z
ObjectId(565edf3032780a54044a9c19),ObjectId(56e00953928dff90069783a5),"[{""$oid"":""56e008f32323682a06012566""}]",90,SEK,2015-11-19T22:07:16.350Z
ObjectId(56606acf47fe0a8231281c3c),ObjectId(56e00953928dff90069783a6),"[{""$oid"":""56e008f32323682a06012566""}]",90,SEK,2015-12-02T21:38:10.113Z
ObjectId(5662d7bf47fe0a8231281c3f),ObjectId(56e00953928dff90069783a7),"[{""$oid"":""56e008f32323682a06012568""}]",250,SEK,2015-12-02T21:38:10.113Z
ObjectId(5665eade47fe0a8231281c42),ObjectId(56e00953928dff90069783a8),"[{""$oid"":""56e008f32323682a06012567""}]",100,SEK,2015-12-02T21:38:10.113Z
ObjectId(56669db847fe0a8231281c45),ObjectId(56e00953928dff90069783a9),"[{""$oid"":""56e008f32323682a06012567""}]",100,SEK,2015-12-02T21:38:10.113Z
ObjectId(5667e9b647fe0a8231281c48),ObjectId(56e00953928dff90069783aa),"[{""$oid"":""56e008f32323682a06012567""}]",100,SEK,2015-12-02T21:38:10.113Z
ObjectId(5668645e47fe0a8231281c4b),ObjectId(56e00953928dff90069783ab),"[{""$oid"":""56e008f32323682a06012565""}]",40,SEK,2015-12-02T21:38:10.113Z
ObjectId(56689d0c47fe0a8231281c4e),ObjectId(56e00953928dff90069783ac),"[{""$oid"":""56e008f32323682a06012566""}]",90,SEK,2015-12-02T21:38:10.113Z
ObjectId(566dd31a61701e376b395ed3),ObjectId(56e00953928dff90069783be),"[{""$oid"":""56e008f32323682a06012567""}]",100,SEK,2015-12-10T18:48:38.619Z
ObjectId(566e78c661701e376b395ed7),ObjectId(56e00953928dff90069783b6),"[{""$oid"":""56e008f32323682a06012567""}]",100,SEK,2015-12-10T18:48:38.619Z
ObjectId(566e80f561701e376b395ed9),ObjectId(56e00953928dff90069783bf),"[{""$oid"":""56e008f32323682a06012568""}]",250,SEK,2015-12-10T18:48:38.619Z
ObjectId(566e97f261701e376b395edc),ObjectId(56e00953928dff90069783c0),"[{""$oid"":""56e008f32323682a06012567""}]",100,SEK,2015-12-10T18:48:38.619Z
ObjectId(566eed1661701e376b395edf),ObjectId(56e00953928dff90069783c1),"[{""$oid"":""56e008f32323682a06012566""}]",90,SEK,2015-12-10T18:48:38.619Z
ObjectId(566fd06061701e376b395ee3),ObjectId(56e00953928dff90069783ba),"[{""$oid"":""56e008f32323682a06012568""}]",250,SEK,2015-12-10T18:48:38.619Z
ObjectId(567179b961701e376b395ee5),ObjectId(56e00953928dff90069783b7),"[{""$oid"":""56e008f32323682a06012565""}]",40,SEK,2015-12-10T18:48:38.619Z
ObjectId(5671908c61701e376b395ee7),ObjectId(56e00953928dff90069783c2),"[{""$oid"":""56e008f32323682a06012568""}]",250,SEK,2015-12-10T18:48:38.619Z
ObjectId(5673df8761701e376b395eea),ObjectId(56e00953928dff90069783c3),"[{""$oid"":""56e008f32323682a06012567""}]",100,SEK,2015-12-10T18:48:38.619Z
ObjectId(567415e361701e376b395eed),ObjectId(56e00953928dff90069783c4),"[{""$oid"":""56e008f32323682a06012566""}]",90,SEK,2015-12-10T18:48:38.619Z
ObjectId(567801bb61701e376b395ef0),ObjectId(56e00953928dff90069783af),"[{""$oid"":""56e008f32323682a06012568""}]",250,SEK,2015-12-10T18:48:38.619Z
ObjectId(56786b0061701e376b395ef2),ObjectId(56e00953928dff90069783ad),"[{""$oid"":""56e008f32323682a06012568""}]",250,SEK,2015-12-10T18:48:38.619Z
ObjectId(567bc68df80c594e3c22d040),ObjectId(56e00953928dff90069783c5),"[{""$oid"":""56e008f32323682a06012567""}]",100,SEK,2015-12-21T23:29:00.341Z
ObjectId(567e4d5ff80c594e3c22d043),ObjectId(56e00953928dff90069783bb),"[{""$oid"":""56e008f32323682a06012568""}]",250,SEK,2015-12-21T23:29:00.341Z
ObjectId(567ea9dcf80c594e3c22d04a),ObjectId(56e00953928dff90069783b1),"[{""$oid"":""56e008f32323682a06012568""}]",250,SEK,2015-12-21T23:29:00.341Z
ObjectId(567ef4fef80c594e3c22d04c),ObjectId(56e00953928dff90069783c6),"[{""$oid"":""56e008f32323682a06012565""}]",40,SEK,2015-12-21T23:29:00.341Z
ObjectId(567f085bf80c594e3c22d04f),ObjectId(56e00953928dff90069783c7),"[{""$oid"":""56e008f32323682a06012566""}]",90,SEK,2015-12-21T23:29:00.341Z
ObjectId(567fc45ef80c594e3c22d052),ObjectId(56e00953928dff90069783c8),"[{""$oid"":""56e008f32323682a06012566""}]",90,SEK,2015-12-21T23:29:00.341Z
ObjectId(567fe69ff80c594e3c22d055),ObjectId(56e00953928dff90069783c9),"[{""$oid"":""56e008f32323682a06012566""}]",90,SEK,2015-12-21T23:29:00.341Z
ObjectId(56819402f80c594e3c22d058),ObjectId(56e00953928dff90069783b4),"[{""$oid"":""56e008f32323682a06012567""}]",100,SEK,2015-12-21T23:29:00.341Z
ObjectId(56823ddff80c594e3c22d05a),ObjectId(56e00953928dff90069783ca),"[{""$oid"":""56e008f32323682a06012566""}]",90,SEK,2015-12-21T23:29:00.341Z
ObjectId(5682dcaaf80c594e3c22d05d),ObjectId(56e00953928dff90069783cb),"[{""$oid"":""56e008f32323682a06012566""}]",90,SEK,2015-12-21T23:29:00.341Z
ObjectId(5683809ff80c594e3c22d060),ObjectId(56e00953928dff90069783b0),"[{""$oid"":""56e008f32323682a06012568""}]",250,SEK,2015-12-21T23:29:00.341Z
ObjectId(5683f90df80c594e3c22d062),ObjectId(56e00953928dff90069783ae),"[{""$oid"":""56e008f32323682a06012568""}]",250,SEK,2015-12-21T23:29:00.341Z
ObjectId(56866ebbf80c594e3c22d064),ObjectId(56e00953928dff90069783cc),"[{""$oid"":""56e008f32323682a06012568""}]",250,SEK,2015-12-21T23:29:00.341Z
ObjectId(56883124f80c594e3c22d067),ObjectId(56e00953928dff90069783cd),"[{""$oid"":""56e008f32323682a06012568""}]",250,SEK,2015-12-21T23:29:00.341Z
ObjectId(5689112df80c594e3c22d06a),ObjectId(56e00953928dff90069783ce),"[{""$oid"":""56e008f32323682a06012566""}]",90,SEK,2015-12-21T23:29:00.341Z
ObjectId(568940abf80c594e3c22d06d),ObjectId(56e00953928dff90069783b3),"[{""$oid"":""56e008f32323682a06012565""}]",40,SEK,2015-12-21T23:29:00.341Z
ObjectId(568a5cbaf80c594e3c22d06f),ObjectId(56e00953928dff90069783cf),"[{""$oid"":""56e008f32323682a06012568""}]",250,SEK,2015-12-21T23:29:00.341Z
ObjectId(568a900df80c594e3c22d072),ObjectId(56e00953928dff90069783bd),"[{""$oid"":""56e008f32323682a06012568""}]",250,SEK,2015-12-21T23:29:00.341Z
ObjectId(568bee3593b79b544598a197),ObjectId(56e00953928dff90069783d0),"[{""$oid"":""56e008f32323682a06012567""}]",100,SEK,2016-01-05T16:24:21.646Z
ObjectId(568d29b093b79b544598a19a),ObjectId(56e00953928dff90069783d1),"[{""$oid"":""56e008f32323682a06012568""}]",250,SEK,2016-01-06T14:50:24.049Z
ObjectId(568d633093b79b544598a19d),ObjectId(56e00953928dff90069783d2),"[{""$oid"":""56e008f32323682a06012566""}]",90,SEK,2016-01-06T18:55:44.628Z
ObjectId(568e463e93b79b544598a1a0),ObjectId(56e00953928dff90069783bc),"[{""$oid"":""56e008f32323682a06012568""}]",250,SEK,2016-01-07T11:04:30.995Z
ObjectId(568eab5393b79b544598a1a2),ObjectId(56e00953928dff90069783d3),"[{""$oid"":""56e008f32323682a06012566""}]",90,SEK,2016-01-07T18:15:47.699Z
ObjectId(56904a6d93b79b544598a1a5),ObjectId(56e00953928dff90069783d4),"[{""$oid"":""56e008f32323682a06012565""}]",40,SEK,2016-01-08T23:46:53.955Z
ObjectId(56910d6493b79b544598a1a8),ObjectId(56e00953928dff90069783d5),"[{""$oid"":""56e008f32323682a06012565""}]",40,SEK,2016-01-09T13:38:44.016Z
ObjectId(56936aff93b79b544598a1ab),ObjectId(56e00953928dff90069783d6),"[{""$oid"":""56e008f32323682a06012568""}]",250,SEK,2016-01-11T08:42:39.738Z
ObjectId(56967599a56a58ce61a002b6),ObjectId(56e00953928dff90069783d7),"[{""$oid"":""56e008f32323682a06012568""}]",250,SEK,2016-01-13T16:04:41.355Z
ObjectId(569a7bb165b99f68585aa78d),ObjectId(56e00953928dff90069783d8),"[{""$oid"":""56e008f32323682a06012566""}]",90,SEK,2016-01-16T17:19:45.160Z
ObjectId(569cbc1065b99f68585aa790),ObjectId(56e00953928dff90069783d9),"[{""$oid"":""56e008f32323682a06012568""}]",250,SEK,2016-01-18T10:18:56.128Z
ObjectId(569d55b765b99f68585aa793),ObjectId(56e00953928dff90069783da),"[{""$oid"":""56e008f32323682a06012568""}]",250,SEK,2016-01-18T21:14:31.603Z
ObjectId(569e113865b99f68585aa797),ObjectId(56e00953928dff90069783db),"[{""$oid"":""56e008f32323682a06012566""}]",90,SEK,2016-01-19T10:34:32.485Z
ObjectId(569e17b865b99f68585aa79a),ObjectId(56e00953928dff90069783dc),"[{""$oid"":""56e008f32323682a06012568""}]",250,SEK,2016-01-19T11:02:16.862Z
ObjectId(569e7f4965b99f68585aa79f),ObjectId(56e00953928dff90069783b2),"[{""$oid"":""56e008f32323682a06012565""}]",40,SEK,2016-01-19T18:24:09.444Z
ObjectId(56a0976765b99f68585aa7a1),ObjectId(56e00953928dff90069783dd),"[{""$oid"":""56e008f32323682a06012565""}]",40,SEK,2016-01-21T08:31:35.359Z
ObjectId(56a0be2665b99f68585aa7a4),ObjectId(56e00953928dff90069783de),"[{""$oid"":""56e008f32323682a06012565""}]",40,SEK,2016-01-21T11:16:54.684Z
ObjectId(56a52d0665b99f68585aa7a7),ObjectId(56e00953928dff90069783df),"[{""$oid"":""56e008f32323682a06012567""}]",100,SEK,2016-01-24T19:59:02.265Z
ObjectId(56a7d68365b99f68585aa7aa),ObjectId(56e00953928dff90069783e0),"[{""$oid"":""56e008f32323682a06012568""}]",250,SEK,2016-01-26T20:26:43.187Z
ObjectId(56a9279765b99f68585aa7ad),ObjectId(56e00953928dff90069783e1),"[{""$oid"":""56e008f32323682a06012567""}]",100,SEK,2016-01-27T20:24:55.232Z
ObjectId(56a9467065b99f68585aa7b1),ObjectId(56e00953928dff90069783b5),"[{""$oid"":""56e008f32323682a06012568""}]",250,SEK,2016-01-27T22:36:32.553Z
ObjectId(56aa12e465b99f68585aa7b3),ObjectId(56e00953928dff90069783e2),"[{""$oid"":""56e008f32323682a06012566""}]",90,SEK,2016-01-28T13:08:52.934Z
ObjectId(56ad50ac65b99f68585aa7b6),ObjectId(56e00953928dff90069783e3),"[{""$oid"":""56e008f32323682a06012568""}]",250,SEK,2016-01-31T00:09:16.848Z
ObjectId(56addacd65b99f68585aa7b9),ObjectId(56e00953928dff90069783e4),"[{""$oid"":""56e008f32323682a06012567""}]",100,SEK,2016-01-31T09:58:37.510Z
ObjectId(56adf21165b99f68585aa7bc),ObjectId(56e00953928dff90069783e5),"[{""$oid"":""56e008f32323682a06012567""}]",100,SEK,2016-01-31T11:37:53.656Z
ObjectId(56ae7d8865b99f68585aa7c0),ObjectId(56e00953928dff90069783b9),"[{""$oid"":""56e008f32323682a06012565""}]",40,SEK,2016-01-31T21:32:56.605Z
ObjectId(56af425365b99f68585aa7c2),ObjectId(56e00953928dff90069783e6),"[{""$oid"":""56e008f32323682a06012566""}]",90,SEK,2016-02-01T11:32:35.911Z
ObjectId(56b0e083d78a0bb3643008b8),ObjectId(56e00953928dff90069783e7),"[{""$oid"":""56e008f32323682a06012565""}]",40,SEK,2016-02-02T16:59:47.417Z
ObjectId(56b0e1d2d78a0bb3643008bb),ObjectId(56e00953928dff90069783e8),"[{""$oid"":""56e008f32323682a06012567""}]",100,SEK,2016-02-02T17:05:22.446Z
ObjectId(56b0e406d78a0bb3643008be),ObjectId(56e00953928dff90069783e9),"[{""$oid"":""56e008f32323682a06012565""}]",40,SEK,2016-02-02T17:14:46.500Z
ObjectId(56b32811d78a0bb3643008d9),ObjectId(56e00953928dff90069783b8),"[{""$oid"":""56e008f32323682a06012568""}]",250,SEK,2016-02-04T10:29:37.706Z
ObjectId(56b3a189d78a0bb3643008db),ObjectId(56e00953928dff90069783ea),"[{""$oid"":""56e008f32323682a06012565""}]",40,SEK,2016-02-04T19:07:53.860Z
ObjectId(56b44cd0d78a0bb3643008de),ObjectId(56e00953928dff90069783eb),"[{""$oid"":""56e008f32323682a06012565""}]",40,SEK,2016-02-05T07:18:40.655Z
ObjectId(56b4dae4d78a0bb3643008e1),ObjectId(56e00953928dff90069783ec),"[{""$oid"":""56e008f32323682a06012566""}]",90,SEK,2016-02-05T17:24:52.974Z
ObjectId(56b7a483d78a0bb3643008e4),ObjectId(56e00953928dff90069783ed),"[{""$oid"":""56e008f32323682a06012568""}]",250,SEK,2016-02-07T20:09:39.892Z
ObjectId(56ba21bfd78a0bb3643008e7),ObjectId(56e00953928dff90069783ee),"[{""$oid"":""56e008f32323682a06012567""}]",100,SEK,2016-02-09T17:28:31.344Z
ObjectId(56bb1491d78a0bb3643008ea),ObjectId(56e00953928dff90069783ef),"[{""$oid"":""56e008f32323682a06012567""}]",100,SEK,2016-02-10T10:44:33.651Z
ObjectId(56bb20dbd78a0bb3643008ed),ObjectId(56e00953928dff90069783f0),"[{""$oid"":""56e008f32323682a06012565""}]",40,SEK,2016-02-10T11:36:59.745Z
ObjectId(56bc822f975abc1d36eca4de),ObjectId(56e00953928dff90069783f1),"[{""$oid"":""56e008f32323682a06012567""}]",100,SEK,2016-02-11T12:44:31.266Z
ObjectId(56bca59e975abc1d36eca500),ObjectId(56e00953928dff90069783f2),"[{""$oid"":""56e008f32323682a06012567""}]",100,SEK,2016-02-11T15:15:42.677Z
ObjectId(56bcd284975abc1d36eca503),ObjectId(56e00953928dff90069783f3),"[{""$oid"":""56e008f32323682a06012565""}]",40,SEK,2016-02-11T18:27:16.122Z
ObjectId(56bcf7a5975abc1d36eca50b),ObjectId(56e00954928dff90069783f4),"[{""$oid"":""56e008f32323682a06012565""}]",40,SEK,2016-02-11T21:05:41.871Z
ObjectId(56bdcf1b975abc1d36eca50f),ObjectId(56e00954928dff90069783f5),"[{""$oid"":""56e008f32323682a06012566""}]",90,SEK,2016-02-12T12:24:59.947Z
ObjectId(56bed443975abc1d36eca512),ObjectId(56e00954928dff90069783f6),"[{""$oid"":""56e008f32323682a06012566""}]",90,SEK,2016-02-13T06:59:15.295Z
ObjectId(56c0d85d975abc1d36eca515),ObjectId(56e00954928dff90069783f7),"[{""$oid"":""56e008f32323682a06012566""}]",90,SEK,2016-02-14T19:41:17.781Z
ObjectId(56c236f0975abc1d36eca518),ObjectId(56e00954928dff90069783f8),"[{""$oid"":""56e008f32323682a06012567""}]",100,SEK,2016-02-15T20:37:04.176Z
ObjectId(56c2c8c1975abc1d36eca51b),ObjectId(56e00954928dff90069783f9),"[{""$oid"":""56e008f32323682a06012565""}]",40,SEK,2016-02-16T06:59:13.163Z
ObjectId(56c2f02b975abc1d36eca520),ObjectId(56e00954928dff90069783fa),"[{""$oid"":""56e008f32323682a06012566""}]",90,SEK,2016-02-16T09:47:23.252Z
ObjectId(56c372b4975abc1d36eca523),ObjectId(56e00954928dff90069783fb),"[{""$oid"":""56e008f32323682a06012567""}]",100,SEK,2016-02-16T19:04:20.095Z
ObjectId(56c499b4975abc1d36eca526),ObjectId(56e00954928dff90069783fc),"[{""$oid"":""56e008f32323682a06012567""}]",100,SEK,2016-02-17T16:03:00.682Z
ObjectId(56c499e5975abc1d36eca529),ObjectId(56e00954928dff90069783fd),"[{""$oid"":""56e008f32323682a06012567""}]",100,SEK,2016-02-17T16:03:49.054Z
ObjectId(56c589e0975abc1d36eca52c),ObjectId(56e00954928dff90069783fe),"[{""$oid"":""56e008f32323682a06012567""}]",100,SEK,2016-02-18T09:07:44.893Z
ObjectId(56c62368975abc1d36eca52f),ObjectId(56e00954928dff90069783ff),"[{""$oid"":""56e008f32323682a06012567""}]",100,SEK,2016-02-18T20:02:48.853Z
ObjectId(56c63988975abc1d36eca532),ObjectId(56e00954928dff9006978400),"[{""$oid"":""56e008f32323682a06012565""}]",40,SEK,2016-02-18T21:37:12.056Z
ObjectId(56c83e72975abc1d36eca535),ObjectId(56e00954928dff9006978401),"[{""$oid"":""56e008f32323682a06012567""}]",100,SEK,2016-02-20T10:22:42.192Z
ObjectId(56c856d5975abc1d36eca538),ObjectId(56e00954928dff9006978402),"[{""$oid"":""56e008f32323682a06012568""}]",250,SEK,2016-02-20T12:06:45.443Z
ObjectId(56c86136975abc1d36eca53b),ObjectId(56e00954928dff9006978403),"[{""$oid"":""56e008f32323682a06012567""}]",100,SEK,2016-02-20T12:51:02.115Z
ObjectId(56c8d474975abc1d36eca53e),ObjectId(56e00954928dff9006978404),"[{""$oid"":""56e008f32323682a06012567""}]",100,SEK,2016-02-20T21:02:44.357Z
ObjectId(56cb6dbdc2b17235234b5642),ObjectId(56e00954928dff9006978405),"[{""$oid"":""56e008f32323682a06012566""}]",90,SEK,2016-02-22T20:21:17.307Z
ObjectId(56cb9152c2b17235234b5645),ObjectId(56e00954928dff9006978406),"[{""$oid"":""56e008f32323682a06012565""}]",40,SEK,2016-02-22T22:53:06.394Z
ObjectId(56cc6d4ec2b17235234b5648),ObjectId(56e00954928dff9006978407),"[{""$oid"":""56e008f32323682a06012565""}]",40,SEK,2016-02-23T14:31:42.003Z
ObjectId(56cc73dac2b17235234b564b),ObjectId(56e00954928dff9006978408),"[{""$oid"":""56e008f32323682a06012565""}]",40,SEK,2016-02-23T14:59:38.984Z
ObjectId(56ce029e909d2da6541c1b22),ObjectId(56e00954928dff9006978409),"[{""$oid"":""56e008f32323682a06012567""}]",100,SEK,2016-02-24T19:21:02.549Z
ObjectId(56ced1c5909d2da6541c1b25),ObjectId(56e00954928dff900697840a),"[{""$oid"":""56e008f32323682a06012567""}]",100,SEK,2016-02-25T10:04:53.331Z
ObjectId(56cf242c909d2da6541c1b28),ObjectId(56e00954928dff900697840b),"[{""$oid"":""56e008f32323682a06012568""}]",250,SEK,2016-02-25T15:56:28.904Z
ObjectId(56d04f5b909d2da6541c1b2b),ObjectId(56e00954928dff900697840c),"[{""$oid"":""56e008f32323682a06012565""}]",40,SEK,2016-02-26T13:12:59.999Z
ObjectId(56d208c2909d2da6541c1b2e),ObjectId(56e00954928dff900697840d),"[{""$oid"":""56e008f32323682a06012565""}]",40,SEK,2016-02-27T20:36:18.935Z
ObjectId(56d41c52909d2da6541c1b31),ObjectId(56e00954928dff900697840e),"[{""$oid"":""56e008f32323682a06012567""}]",100,SEK,2016-02-29T10:24:18.906Z
ObjectId(56d5fd16909d2da6541c1b3b),ObjectId(56e00954928dff900697840f),"[{""$oid"":""56e008f32323682a06012567""}]",100,SEK,2016-03-01T20:35:34.977Z
ObjectId(56d68ffc909d2da6541c1b3e),ObjectId(56e00954928dff9006978410),"[{""$oid"":""56e008f32323682a06012566""}]",90,SEK,2016-03-02T07:02:20.002Z
ObjectId(56d8a13ff0ce8fe103f4a0b4),ObjectId(56e00954928dff9006978411),"[{""$oid"":""56e008f32323682a06012567""}]",100,SEK,2016-03-03T20:40:31.875Z
ObjectId(56d9329df0ce8fe103f4a0b7),ObjectId(56e00954928dff9006978412),"[{""$oid"":""56e008f32323682a06012568""}]",250,SEK,2016-03-04T07:00:45.260Z
ObjectId(56d98920f0ce8fe103f4a0ba),ObjectId(56e00954928dff9006978413),"[{""$oid"":""56e008f32323682a06012566""}]",90,SEK,2016-03-04T13:09:52.031Z
ObjectId(56dec3a4f0ce8fe103f4a0bd),ObjectId(56e00954928dff9006978414),"[{""$oid"":""56e008f32323682a06012567""}]",100,SEK,2016-03-08T12:20:52.431Z
ObjectId(56dee8d8f0ce8fe103f4a0c0),ObjectId(56e00954928dff9006978415),"[{""$oid"":""56e008f32323682a06012565""}]",40,SEK,2016-03-08T14:59:36.349Z
ObjectId(56deffd0f0ce8fe103f4a0c3),ObjectId(56e00954928dff9006978416),"[{""$oid"":""56e008f32323682a06012565""}]",40,SEK,2016-03-08T16:37:36.229Z
ObjectId(56e0153051cd41741060939a),ObjectId(56e0153051cd417410609399),"[{""$oid"":""56e013d651cd417410609394""}]",0,SEK,2016-03-09T12:21:04.368Z
ObjectId(56e1b90e405793921950cacd),ObjectId(56e1b90e405793921950cacc),"[{""$oid"":""56e008f32323682a06012565""}]",40,SEK,2016-03-10T18:12:30.325Z
ObjectId(56e1da4e405793921950cad1),ObjectId(56e1da4e405793921950cad0),"[{""$oid"":""56e008f32323682a06012565""}]",40,SEK,2016-03-10T20:34:22.203Z
ObjectId(56e1db9e405793921950cad5),ObjectId(56e1db9e405793921950cad4),"[{""$oid"":""56e008f32323682a06012565""}]",40,SEK,2016-03-10T20:39:58.323Z
ObjectId(56e26d90405793921950cadb),ObjectId(56e26d90405793921950cada),"[{""$oid"":""56e008f32323682a06012565""}]",40,SEK,2016-03-11T07:02:40.334Z
ObjectId(56e2952c405793921950cadf),ObjectId(56e2952c405793921950cade),"[{""$oid"":""56e008f32323682a06012566""}]",90,SEK,2016-03-11T09:51:40.619Z
ObjectId(56e2ce35405793921950cae3),ObjectId(56e2ce35405793921950cae2),"[{""$oid"":""56e008f32323682a06012566""}]",90,SEK,2016-03-11T13:55:01.933Z
ObjectId(56e3d5e8405793921950cae7),ObjectId(56e3d5e8405793921950cae6),"[{""$oid"":""56e008f32323682a06012565""}]",40,SEK,2016-03-12T08:40:08.164Z
ObjectId(56e5673c405793921950caeb),ObjectId(56e5673c405793921950caea),"[{""$oid"":""56e008f32323682a06012565""}]",40,SEK,2016-03-13T13:12:28.885Z
ObjectId(56e7220e405793921950caf1),ObjectId(56e7220e405793921950caf0),"[{""$oid"":""56e008f32323682a06012565""}]",40,SEK,2016-03-14T20:41:50.680Z
ObjectId(56e7d8a6e197300c164d321d),ObjectId(56e7d8a6e197300c164d321c),"[{""$oid"":""56e7d88fe197300c164d3219""}]",0,SEK,2016-03-15T09:40:54.633Z
ObjectId(56e7d8b2e197300c164d3221),ObjectId(56e7d8b2e197300c164d3220),"[{""$oid"":""56e7d88fe197300c164d3219""}]",0,SEK,2016-03-15T09:41:06.934Z
ObjectId(56ed815db25d858954fd721a),ObjectId(56ed815db25d858954fd7219),"[{""$oid"":""56e008f32323682a06012565""}]",40,SEK,2016-03-19T16:42:05.693Z
ObjectId(56edcbe9b25d858954fd721e),ObjectId(56edcbe9b25d858954fd721d),"[{""$oid"":""56e008f32323682a06012568""}]",250,SEK,2016-03-19T22:00:09.834Z
ObjectId(56effc67b25d858954fd7226),ObjectId(56effc67b25d858954fd7225),"[{""$oid"":""56e008f32323682a06012566""}]",90,SEK,2016-03-21T13:51:35.196Z
ObjectId(56f0049cb25d858954fd722a),ObjectId(56f0049cb25d858954fd7229),"[{""$oid"":""56e008f32323682a06012567""}]",100,SEK,2016-03-21T14:26:36.430Z
ObjectId(56f0f402b25d858954fd722e),ObjectId(56f0f402b25d858954fd722d),"[{""$oid"":""56e008f32323682a06012567""}]",100,SEK,2016-03-22T07:28:02.722Z
ObjectId(56f13f77b25d858954fd7232),ObjectId(56f13f77b25d858954fd7231),"[{""$oid"":""56e008f32323682a06012565""}]",40,SEK,2016-03-22T12:49:59.316Z
ObjectId(56f18e9bb25d858954fd7236),ObjectId(56f18e9bb25d858954fd7235),"[{""$oid"":""56e008f32323682a06012566""}]",90,SEK,2016-03-22T18:27:39.051Z
ObjectId(56f1a599b25d858954fd723a),ObjectId(56f1a599b25d858954fd7239),"[{""$oid"":""56ef2782b25d858954fd7222""}]",0,SEK,2016-03-22T20:05:45.119Z
ObjectId(56f1a6aeb25d858954fd723e),ObjectId(56f1a6aeb25d858954fd723d),"[{""$oid"":""56ef2782b25d858954fd7222""}]",0,SEK,2016-03-22T20:10:22.595Z
ObjectId(56f1af7fb25d858954fd7245),ObjectId(56f1af7fb25d858954fd7244),"[{""$oid"":""56ef2782b25d858954fd7222""}]",0,SEK,2016-03-22T20:47:59.767Z
ObjectId(56f1c815b25d858954fd724f),ObjectId(56f1c815b25d858954fd724e),"[{""$oid"":""56f1b084b25d858954fd7248""}]",0,SEK,2016-03-22T22:32:53.121Z
ObjectId(56f399a6b25d858954fd7253),ObjectId(56f399a6b25d858954fd7252),"[{""$oid"":""56f1b084b25d858954fd7248""}]",0,SEK,2016-03-24T07:39:18.023Z
ObjectId(56f3d281b25d858954fd7257),ObjectId(56f3d281b25d858954fd7256),"[{""$oid"":""56e008f32323682a06012565""}]",40,SEK,2016-03-24T11:41:53.207Z
ObjectId(56f46701b25d858954fd725b),ObjectId(56f46701b25d858954fd725a),"[{""$oid"":""56e008f32323682a06012565""}]",40,SEK,2016-03-24T22:15:29.917Z
ObjectId(56f51adcb25d858954fd725f),ObjectId(56f51adcb25d858954fd725e),"[{""$oid"":""56e008f32323682a06012566""}]",90,SEK,2016-03-25T11:02:52.841Z
ObjectId(56f6b89db25d858954fd7263),ObjectId(56f6b89db25d858954fd7262),"[{""$oid"":""56f1b084b25d858954fd7248""}]",0,SEK,2016-03-26T16:28:13.906Z
ObjectId(56f6c0aab25d858954fd7267),ObjectId(56f6c0aab25d858954fd7266),"[{""$oid"":""56f1b084b25d858954fd7248""}]",0,SEK,2016-03-26T17:02:34.205Z
ObjectId(56f6c141b25d858954fd726b),ObjectId(56f6c141b25d858954fd726a),"[{""$oid"":""56f1b163b25d858954fd724b""}]",200,SEK,2016-03-26T17:05:05.318Z
ObjectId(56f6c358b25d858954fd726f),ObjectId(56f6c358b25d858954fd726e),"[{""$oid"":""56f1b084b25d858954fd7248""}]",0,SEK,2016-03-26T17:14:00.521Z
ObjectId(56f6d1fcb25d858954fd7273),ObjectId(56f6d1fcb25d858954fd7272),"[{""$oid"":""56f1b084b25d858954fd7248""}]",0,SEK,2016-03-26T18:16:28.468Z
ObjectId(56f6d281b25d858954fd7277),ObjectId(56f6d281b25d858954fd7276),"[{""$oid"":""56f1b163b25d858954fd724b""}]",200,SEK,2016-03-26T18:18:41.483Z
ObjectId(56f8355ab25d858954fd727c),ObjectId(56f8355ab25d858954fd727b),"[{""$oid"":""56e008f32323682a06012566""}]",90,SEK,2016-03-27T19:32:42.235Z
ObjectId(56f8e5cdb25d858954fd7280),ObjectId(56f8e5cdb25d858954fd727f),"[{""$oid"":""56f1b084b25d858954fd7248""}]",0,SEK,2016-03-28T08:05:33.561Z
ObjectId(56f8e652b25d858954fd7284),ObjectId(56f8e652b25d858954fd7283),"[{""$oid"":""56f1b163b25d858954fd724b""}]",200,SEK,2016-03-28T08:07:46.650Z
ObjectId(56f92f45b25d858954fd7288),ObjectId(56f92f45b25d858954fd7287),"[{""$oid"":""56f1b084b25d858954fd7248""}]",0,SEK,2016-03-28T13:19:01.435Z
ObjectId(56f92fd1b25d858954fd728c),ObjectId(56f92fd1b25d858954fd728b),"[{""$oid"":""56f1b163b25d858954fd724b""}]",200,SEK,2016-03-28T13:21:21.696Z
ObjectId(56f9539eb25d858954fd7290),ObjectId(56f9539eb25d858954fd728f),"[{""$oid"":""56f1b084b25d858954fd7248""}]",0,SEK,2016-03-28T15:54:06.205Z
ObjectId(56f95412b25d858954fd7294),ObjectId(56f95412b25d858954fd7293),"[{""$oid"":""56f1b163b25d858954fd724b""}]",200,SEK,2016-03-28T15:56:02.736Z
ObjectId(56f9788fb25d858954fd7298),ObjectId(56f9788fb25d858954fd7297),"[{""$oid"":""56f1b163b25d858954fd724b""}]",200,SEK,2016-03-28T18:31:43.593Z
ObjectId(56f9832ffbc95ecd20144611),ObjectId(56f9832ffbc95ecd20144610),"[{""$oid"":""56f1b084b25d858954fd7248""}]",0,SEK,2016-03-28T19:17:03.417Z
ObjectId(56f983d0fbc95ecd20144615),ObjectId(56f983d0fbc95ecd20144614),"[{""$oid"":""56f1b163b25d858954fd724b""}]",200,SEK,2016-03-28T19:19:44.041Z
ObjectId(56fa34fafbc95ecd20144619),ObjectId(56fa34fafbc95ecd20144618),"[{""$oid"":""56f1b084b25d858954fd7248""}]",0,SEK,2016-03-29T07:55:38.095Z
ObjectId(56fa6feae18bc300388848ea),ObjectId(56fa6feae18bc300388848e9),"[{""$oid"":""56f1b163b25d858954fd724b""}]",200,SEK,2016-03-29T12:07:06.503Z
ObjectId(56faa81ce18bc300388848ee),ObjectId(56faa81ce18bc300388848ed),"[{""$oid"":""56f1b084b25d858954fd7248""}]",0,SEK,2016-03-29T16:06:52.012Z
ObjectId(56fbb8ede18bc300388848f2),ObjectId(56fbb8ede18bc300388848f1),"[{""$oid"":""56f1b084b25d858954fd7248""}]",0,SEK,2016-03-30T11:30:53.713Z
ObjectId(56fbd0a6e18bc300388848f6),ObjectId(56fbd0a6e18bc300388848f5),"[{""$oid"":""56e008f32323682a06012566""}]",90,SEK,2016-03-30T13:12:06.894Z
ObjectId(56fbe8c9e18bc300388848fa),ObjectId(56fbe8c9e18bc300388848f9),"[{""$oid"":""56e008f32323682a06012566""}]",90,SEK,2016-03-30T14:55:05.723Z
ObjectId(56fc09c6e18bc300388848fe),ObjectId(56fc09c6e18bc300388848fd),"[{""$oid"":""56f1b084b25d858954fd7248""}]",0,SEK,2016-03-30T17:15:50.019Z
ObjectId(56fc0a19e18bc30038884902),ObjectId(56fc0a19e18bc30038884901),"[{""$oid"":""56f1b163b25d858954fd724b""}]",200,SEK,2016-03-30T17:17:13.550Z
ObjectId(56fce644e18bc30038884906),ObjectId(56fce644e18bc30038884905),"[{""$oid"":""56e008f32323682a06012568""}]",250,SEK,2016-03-31T08:56:36.691Z
ObjectId(56fe28e2e18bc3003888490a),ObjectId(56fe28e2e18bc30038884909),"[{""$oid"":""56e008f32323682a06012565""}]",40,SEK,2016-04-01T07:53:06.118Z
ObjectId(5700c3ede18bc3003888490e),ObjectId(5700c3ede18bc3003888490d),"[{""$oid"":""56e008f32323682a06012568""}]",250,SEK,2016-04-03T07:19:09.863Z
ObjectId(5701458ae18bc30038884912),ObjectId(5701458ae18bc30038884911),"[{""$oid"":""56f1b163b25d858954fd724b""}]",200,SEK,2016-04-03T16:32:10.902Z
ObjectId(57020a01e18bc30038884916),ObjectId(57020a01e18bc30038884915),"[{""$oid"":""56f1b084b25d858954fd7248""}]",0,SEK,2016-04-04T06:30:25.057Z
ObjectId(57021b66e18bc3003888491a),ObjectId(57021b66e18bc30038884919),"[{""$oid"":""56f1b084b25d858954fd7248""}]",0,SEK,2016-04-04T07:44:38.365Z
ObjectId(5702367ee18bc3003888491e),ObjectId(5702367ee18bc3003888491d),"[{""$oid"":""56e008f32323682a06012568""}]",250,SEK,2016-04-04T09:40:14.180Z
ObjectId(57024cb7e18bc30038884922),ObjectId(57024cb7e18bc30038884921),"[{""$oid"":""56f1b084b25d858954fd7248""}]",0,SEK,2016-04-04T11:15:03.970Z
ObjectId(57024cd7e18bc30038884926),ObjectId(57024cd7e18bc30038884925),"[{""$oid"":""56f1b163b25d858954fd724b""}]",200,SEK,2016-04-04T11:15:35.641Z
ObjectId(57026d71e18bc3003888492a),ObjectId(57026d71e18bc30038884929),"[{""$oid"":""56e008f32323682a06012565""}]",40,SEK,2016-04-04T13:34:41.391Z
ObjectId(5702ac38e18bc3003888492e),ObjectId(5702ac38e18bc3003888492d),"[{""$oid"":""56f1b084b25d858954fd7248""}]",0,SEK,2016-04-04T18:02:32.703Z
ObjectId(57033751e18bc30038884932),ObjectId(57033751e18bc30038884931),"[{""$oid"":""56f1b163b25d858954fd724b""}]",200,SEK,2016-04-05T03:56:01.811Z
ObjectId(570337a3e18bc30038884936),ObjectId(570337a3e18bc30038884935),"[{""$oid"":""56f1b084b25d858954fd7248""}]",0,SEK,2016-04-05T03:57:23.531Z
ObjectId(5703a787e18bc3003888493a),ObjectId(5703a787e18bc30038884939),"[{""$oid"":""56f1b084b25d858954fd7248""}]",0,SEK,2016-04-05T11:54:47.645Z
ObjectId(5703a7d9e18bc3003888493e),ObjectId(5703a7d9e18bc3003888493d),"[{""$oid"":""56f1b084b25d858954fd7248""}]",0,SEK,2016-04-05T11:56:09.478Z
ObjectId(5703b367e18bc30038884942),ObjectId(5703b367e18bc30038884941),"[{""$oid"":""56f1b163b25d858954fd724b""}]",200,SEK,2016-04-05T12:45:27.827Z
ObjectId(5703b39ae18bc30038884946),ObjectId(5703b39ae18bc30038884945),"[{""$oid"":""56f1b084b25d858954fd7248""}]",0,SEK,2016-04-05T12:46:18.965Z
ObjectId(5703f63ae18bc3003888494a),ObjectId(5703f63ae18bc30038884949),"[{""$oid"":""56f1b084b25d858954fd7248""}]",0,SEK,2016-04-05T17:30:34.359Z
ObjectId(5703f680e18bc3003888494e),ObjectId(5703f680e18bc3003888494d),"[{""$oid"":""56f1b163b25d858954fd724b""}]",200,SEK,2016-04-05T17:31:44.870Z
ObjectId(57040feee18bc30038884952),ObjectId(57040feee18bc30038884951),"[{""$oid"":""56e008f32323682a06012568""}]",250,SEK,2016-04-05T19:20:14.154Z
ObjectId(57041023e18bc30038884956),ObjectId(57041023e18bc30038884955),"[{""$oid"":""56f1b084b25d858954fd7248""}]",0,SEK,2016-04-05T19:21:07.005Z
ObjectId(57042606e18bc3003888495a),ObjectId(57042606e18bc30038884959),"[{""$oid"":""56f1b163b25d858954fd724b""}]",200,SEK,2016-04-05T20:54:30.694Z
ObjectId(5704d7fbe18bc3003888495e),ObjectId(5704d7fbe18bc3003888495d),"[{""$oid"":""56e008f32323682a06012568""}]",250,SEK,2016-04-06T09:33:47.097Z
ObjectId(5704ed9ae18bc30038884962),ObjectId(5704ed9ae18bc30038884961),"[{""$oid"":""56f1b084b25d858954fd7248""}]",0,SEK,2016-04-06T11:06:02.043Z
ObjectId(5704ee3ce18bc30038884966),ObjectId(5704ee3ce18bc30038884965),"[{""$oid"":""56f1b163b25d858954fd724b""}]",200,SEK,2016-04-06T11:08:44.388Z
ObjectId(57063a0fe18bc3003888496a),ObjectId(57063a0fe18bc30038884969),"[{""$oid"":""56f1b163b25d858954fd724b""}]",200,SEK,2016-04-07T10:44:31.401Z
ObjectId(5708c0e7e18bc3003888496e),ObjectId(5708c0e7e18bc3003888496d),"[{""$oid"":""56f1b163b25d858954fd724b""}]",200,SEK,2016-04-09T08:44:23.148Z
ObjectId(5708c102e18bc30038884972),ObjectId(5708c102e18bc30038884971),"[{""$oid"":""56f1b084b25d858954fd7248""}]",0,SEK,2016-04-09T08:44:50.522Z
ObjectId(57093576e18bc30038884976),ObjectId(57093576e18bc30038884975),"[{""$oid"":""56f1b084b25d858954fd7248""}]",0,SEK,2016-04-09T17:01:42.664Z
ObjectId(5709dae6e18bc3003888497a),ObjectId(5709dae6e18bc30038884979),"[{""$oid"":""56f1b084b25d858954fd7248""}]",0,SEK,2016-04-10T04:47:34.647Z
ObjectId(5709dbe0e18bc3003888497e),ObjectId(5709dbe0e18bc3003888497d),"[{""$oid"":""56f1b163b25d858954fd724b""}]",200,SEK,2016-04-10T04:51:44.157Z
ObjectId(5709fc8be18bc30038884982),ObjectId(5709fc8be18bc30038884981),"[{""$oid"":""56f1b084b25d858954fd7248""}]",0,SEK,2016-04-10T07:11:07.585Z
ObjectId(5709fccae18bc30038884986),ObjectId(5709fccae18bc30038884985),"[{""$oid"":""56f1b163b25d858954fd724b""}]",200,SEK,2016-04-10T07:12:10.186Z
ObjectId(570a096de18bc3003888498a),ObjectId(570a096de18bc30038884989),"[{""$oid"":""56f1b084b25d858954fd7248""}]",0,SEK,2016-04-10T08:06:05.903Z
ObjectId(570a09c1e18bc3003888498e),ObjectId(570a09c1e18bc3003888498d),"[{""$oid"":""56f1b163b25d858954fd724b""}]",200,SEK,2016-04-10T08:07:29.897Z
ObjectId(570a3065e18bc30038884992),ObjectId(570a3065e18bc30038884991),"[{""$oid"":""56f1b163b25d858954fd724b""}]",200,SEK,2016-04-10T10:52:21.077Z
ObjectId(570a54e8e18bc30038884996),ObjectId(570a54e8e18bc30038884995),"[{""$oid"":""56f1b163b25d858954fd724b""}]",200,SEK,2016-04-10T13:28:08.672Z
ObjectId(570a765de18bc3003888499a),ObjectId(570a765de18bc30038884999),"[{""$oid"":""56f1b084b25d858954fd7248""}]",0,SEK,2016-04-10T15:50:53.583Z
ObjectId(570a77d4e18bc3003888499e),ObjectId(570a77d4e18bc3003888499d),"[{""$oid"":""56f1b163b25d858954fd724b""}]",200,SEK,2016-04-10T15:57:08.819Z
ObjectId(570a7989e18bc300388849a2),ObjectId(570a7989e18bc300388849a1),"[{""$oid"":""56f1b084b25d858954fd7248""}]",0,SEK,2016-04-10T16:04:25.286Z
ObjectId(570a9ad0e18bc300388849a6),ObjectId(570a9ad0e18bc300388849a5),"[{""$oid"":""56f1b084b25d858954fd7248""}]",0,SEK,2016-04-10T18:26:24.290Z
ObjectId(570a9b42e18bc300388849aa),ObjectId(570a9b42e18bc300388849a9),"[{""$oid"":""56f1b163b25d858954fd724b""}]",200,SEK,2016-04-10T18:28:18.261Z
ObjectId(570a9fb9e18bc300388849ae),ObjectId(570a9fb9e18bc300388849ad),"[{""$oid"":""56f1b084b25d858954fd7248""}]",0,SEK,2016-04-10T18:47:21.588Z
ObjectId(570aa8ece18bc300388849b2),ObjectId(570aa8ece18bc300388849b1),"[{""$oid"":""56f1b084b25d858954fd7248""}]",0,SEK,2016-04-10T19:26:36.409Z
ObjectId(570aa9cae18bc300388849b6),ObjectId(570aa9cae18bc300388849b5),"[{""$oid"":""56f1b163b25d858954fd724b""}]",200,SEK,2016-04-10T19:30:18.440Z
ObjectId(570aa9f1e18bc300388849ba),ObjectId(570aa9f1e18bc300388849b9),"[{""$oid"":""56f1b084b25d858954fd7248""}]",0,SEK,2016-04-10T19:30:57.101Z
ObjectId(570aaf1ee18bc300388849be),ObjectId(570aaf1ee18bc300388849bd),"[{""$oid"":""56f1b163b25d858954fd724b""}]",200,SEK,2016-04-10T19:53:02.930Z
ObjectId(570aaf31e18bc300388849c2),ObjectId(570aaf31e18bc300388849c1),"[{""$oid"":""56f1b084b25d858954fd7248""}]",0,SEK,2016-04-10T19:53:21.017Z
ObjectId(570abe5fe18bc300388849c6),ObjectId(570abe5fe18bc300388849c5),"[{""$oid"":""56f1b084b25d858954fd7248""}]",0,SEK,2016-04-10T20:58:07.440Z
ObjectId(570b5734e18bc300388849ca),ObjectId(570b5734e18bc300388849c9),"[{""$oid"":""56f1b084b25d858954fd7248""}]",0,SEK,2016-04-11T07:50:12.733Z
ObjectId(570b580ae18bc300388849ce),ObjectId(570b580ae18bc300388849cd),"[{""$oid"":""56f1b084b25d858954fd7248""}]",0,SEK,2016-04-11T07:53:46.296Z
ObjectId(570b6cace18bc300388849d2),ObjectId(570b6cace18bc300388849d1),"[{""$oid"":""56e008f32323682a06012565""}]",40,SEK,2016-04-11T09:21:48.876Z
ObjectId(570b784be18bc300388849d5),ObjectId(570b784be18bc300388849d4),"[{""$oid"":""56e008f32323682a06012568""}]",250,SEK,2016-04-11T10:11:23.184Z
ObjectId(570b9f6fe18bc300388849d9),ObjectId(570b9f6fe18bc300388849d8),"[{""$oid"":""56f1b084b25d858954fd7248""}]",0,SEK,2016-04-11T12:58:23.763Z
ObjectId(570be901e18bc300388849dd),ObjectId(570be901e18bc300388849dc),"[{""$oid"":""56f1b084b25d858954fd7248""}]",0,SEK,2016-04-11T18:12:17.133Z
ObjectId(570c8fcae18bc300388849e1),ObjectId(570c8fcae18bc300388849e0),"[{""$oid"":""56e008f32323682a06012568""}]",250,SEK,2016-04-12T06:03:54.295Z
ObjectId(570cd9f3e18bc300388849e5),ObjectId(570cd9f3e18bc300388849e4),"[{""$oid"":""56e008f32323682a06012565""}]",40,SEK,2016-04-12T11:20:19.956Z
ObjectId(570d5047e18bc300388849e9),ObjectId(570d5047e18bc300388849e8),"[{""$oid"":""56e008f32323682a06012568""}]",250,SEK,2016-04-12T19:45:11.803Z
ObjectId(570fe6cfe18bc300388849ed),ObjectId(570fe6cfe18bc300388849ec),"[{""$oid"":""56e008f32323682a06012568""}]",250,SEK,2016-04-14T18:51:59.258Z
ObjectId(57113d59e18bc300388849f1),ObjectId(57113d59e18bc300388849f0),"[{""$oid"":""56f1b084b25d858954fd7248""}]",0,SEK,2016-04-15T19:13:29.367Z
ObjectId(5711e475e18bc300388849f5),ObjectId(5711e475e18bc300388849f4),"[{""$oid"":""56f1b084b25d858954fd7248""}]",0,SEK,2016-04-16T07:06:29.974Z
ObjectId(57131cc2e18bc300388849f9),ObjectId(57131cc2e18bc300388849f8),"[{""$oid"":""56e008f32323682a06012568""}]",250,SEK,2016-04-17T05:18:58.544Z
ObjectId(5715c943e18bc300388849ff),ObjectId(5715c943e18bc300388849fe),"[{""$oid"":""56e008f32323682a06012568""}]",250,SEK,2016-04-19T05:59:31.876Z
ObjectId(5716a009e18bc30038884a16),ObjectId(5716a009e18bc30038884a15),"[{""$oid"":""56e008f32323682a06012565""}]",40,SEK,2016-04-19T21:15:53.878Z
ObjectId(5718c676e18bc30038884a1a),ObjectId(5718c676e18bc30038884a19),"[{""$oid"":""56e008f32323682a06012568""}]",250,SEK,2016-04-21T12:24:22.352Z
ObjectId(57191e21e18bc30038884a1e),ObjectId(57191e21e18bc30038884a1d),"[{""$oid"":""56e008f32323682a06012568""}]",250,SEK,2016-04-21T18:38:25.289Z
ObjectId(571a10aee18bc30038884a22),ObjectId(571a10aee18bc30038884a21),"[{""$oid"":""56e008f32323682a06012565""}]",40,SEK,2016-04-22T11:53:18.623Z
ObjectId(571a46dce18bc30038884a26),ObjectId(571a46dce18bc30038884a25),"[{""$oid"":""56e008f32323682a06012568""}]",250,SEK,2016-04-22T15:44:28.691Z
ObjectId(571c647ae18bc30038884a2a),ObjectId(571c6479e18bc30038884a29),"[{""$oid"":""56e008f32323682a06012568""}]",250,SEK,2016-04-24T06:15:22.000Z
ObjectId(571d09b9e18bc30038884a2e),ObjectId(571d09b9e18bc30038884a2d),"[{""$oid"":""56e008f32323682a06012565""}]",40,SEK,2016-04-24T18:00:25.254Z
ObjectId(571dacb4e18bc30038884a32),ObjectId(571dacb4e18bc30038884a31),"[{""$oid"":""56e008f32323682a06012567""}]",100,SEK,2016-04-25T05:35:48.993Z
ObjectId(571db375e18bc30038884a36),ObjectId(571db375e18bc30038884a35),"[{""$oid"":""56e008f32323682a06012567""}]",100,SEK,2016-04-25T06:04:37.214Z
ObjectId(571f1275e18bc30038884a3a),ObjectId(571f1275e18bc30038884a39),"[{""$oid"":""56e008f32323682a06012566""}]",90,SEK,2016-04-26T07:02:13.674Z
ObjectId(571f4541e18bc30038884a3e),ObjectId(571f4541e18bc30038884a3d),"[{""$oid"":""56e008f32323682a06012568""}]",250,SEK,2016-04-26T10:38:57.660Z
ObjectId(571f480ee18bc30038884a42),ObjectId(571f480ee18bc30038884a41),"[{""$oid"":""56e008f32323682a06012566""}]",90,SEK,2016-04-26T10:50:54.759Z
ObjectId(571f4d21e18bc30038884a46),ObjectId(571f4d21e18bc30038884a45),"[{""$oid"":""56e008f32323682a06012565""}]",40,SEK,2016-04-26T11:12:33.424Z
ObjectId(571f9a1ee18bc30038884a4a),ObjectId(571f9a1ee18bc30038884a49),"[{""$oid"":""56e008f32323682a06012566""}]",90,SEK,2016-04-26T16:41:02.208Z
ObjectId(57207e51e18bc30038884a4e),ObjectId(57207e51e18bc30038884a4d),"[{""$oid"":""56e008f32323682a06012568""}]",250,SEK,2016-04-27T08:54:41.265Z
ObjectId(5720ec71e18bc30038884a52),ObjectId(5720ec71e18bc30038884a51),"[{""$oid"":""56e008f32323682a06012565""}]",40,SEK,2016-04-27T16:44:33.538Z
ObjectId(5721d45ae18bc30038884a56),ObjectId(5721d45ae18bc30038884a55),"[{""$oid"":""56e008f32323682a06012565""}]",40,SEK,2016-04-28T09:14:02.463Z
ObjectId(5721d932e18bc30038884a5a),ObjectId(5721d932e18bc30038884a59),"[{""$oid"":""56e008f32323682a06012566""}]",90,SEK,2016-04-28T09:34:42.195Z
ObjectId(5724668a289595be2094b2ab),ObjectId(5724668a289595be2094b2aa),"[{""$oid"":""56e008f32323682a06012565""}]",40,SEK,2016-04-30T08:02:18.127Z
ObjectId(57262f37289595be2094b2af),ObjectId(57262f37289595be2094b2ae),"[{""$oid"":""56e008f32323682a06012567""}]",100,SEK,2016-05-01T16:30:47.498Z
ObjectId(57270154289595be2094b2b3),ObjectId(57270154289595be2094b2b2),"[{""$oid"":""56e008f32323682a06012567""}]",100,SEK,2016-05-02T07:27:16.867Z
ObjectId(572748c9289595be2094b2b7),ObjectId(572748c9289595be2094b2b6),"[{""$oid"":""56e008f32323682a06012566""}]",90,SEK,2016-05-02T12:32:09.829Z
ObjectId(57289ed5289595be2094b2ba),ObjectId(57289ed5289595be2094b2b9),"[{""$oid"":""56e008f32323682a06012568""}]",250,SEK,2016-05-03T12:51:33.966Z
ObjectId(5728dfbd289595be2094b2be),ObjectId(5728dfbd289595be2094b2bd),"[{""$oid"":""56e008f32323682a06012566""}]",90,SEK,2016-05-03T17:28:29.154Z
ObjectId(5729100d289595be2094b2c2),ObjectId(5729100d289595be2094b2c1),"[{""$oid"":""56e008f32323682a06012565""}]",40,SEK,2016-05-03T20:54:37.854Z
ObjectId(5729d53e289595be2094b2c6),ObjectId(5729d53e289595be2094b2c5),"[{""$oid"":""56e008f32323682a06012567""}]",100,SEK,2016-05-04T10:55:58.945Z
ObjectId(572c503f289595be2094b2ca),ObjectId(572c503f289595be2094b2c9),"[{""$oid"":""56e008f32323682a06012568""}]",250,SEK,2016-05-06T08:05:19.555Z
ObjectId(572c53b7289595be2094b2ce),ObjectId(572c53b7289595be2094b2cd),"[{""$oid"":""56e008f32323682a06012566""}]",90,SEK,2016-05-06T08:20:07.561Z
ObjectId(572c7308289595be2094b2d2),ObjectId(572c7308289595be2094b2d1),"[{""$oid"":""56e008f32323682a06012566""}]",90,SEK,2016-05-06T10:33:44.216Z
ObjectId(572ef1eb289595be2094b2d6),ObjectId(572ef1eb289595be2094b2d5),"[{""$oid"":""56e008f32323682a06012566""}]",90,SEK,2016-05-08T07:59:39.771Z
ObjectId(57306804289595be2094b2e0),ObjectId(57306804289595be2094b2df),"[{""$oid"":""56e008f32323682a06012566""}]",90,SEK,2016-05-09T10:35:48.958Z
ObjectId(57318494289595be2094b2e6),ObjectId(57318494289595be2094b2e5),"[{""$oid"":""56e008f32323682a06012566""}]",90,SEK,2016-05-10T06:49:56.123Z
ObjectId(57332c7e06d7b5c2363a16c0),ObjectId(57332c7e06d7b5c2363a16bf),"[{""$oid"":""56e008f32323682a06012566""}]",90,SEK,2016-05-11T12:58:38.373Z
ObjectId(5735e08406d7b5c2363a16c4),ObjectId(5735e08406d7b5c2363a16c3),"[{""$oid"":""56e008f32323682a06012565""}]",40,SEK,2016-05-13T14:11:16.100Z
ObjectId(5735e7d806d7b5c2363a16c8),ObjectId(5735e7d806d7b5c2363a16c7),"[{""$oid"":""56e008f32323682a06012566""}]",90,SEK,2016-05-13T14:42:32.792Z
ObjectId(57387d1e06d7b5c2363a16cc),ObjectId(57387d1e06d7b5c2363a16cb),"[{""$oid"":""56e008f32323682a06012565""}]",40,SEK,2016-05-15T13:43:58.217Z
ObjectId(573ae17f06d7b5c2363a16d0),ObjectId(573ae17f06d7b5c2363a16cf),"[{""$oid"":""56e008f32323682a06012566""}]",90,SEK,2016-05-17T09:16:47.671Z
ObjectId(573e1b8f06d7b5c2363a16d4),ObjectId(573e1b8f06d7b5c2363a16d3),"[{""$oid"":""56e008f32323682a06012567""}]",100,SEK,2016-05-19T20:01:19.281Z
ObjectId(5742c19806d7b5c2363a16d8),ObjectId(5742c19806d7b5c2363a16d7),"[{""$oid"":""56e008f32323682a06012566""}]",90,SEK,2016-05-23T08:38:48.178Z
ObjectId(574d4c2e06d7b5c2363a16fe),ObjectId(574d4c2e06d7b5c2363a16fd),"[{""$oid"":""56e008f32323682a06012566""}]",90,SEK,2016-05-31T08:32:46.735Z
ObjectId(574ebcfd06d7b5c2363a1702),ObjectId(574ebcfd06d7b5c2363a1701),"[{""$oid"":""56e008f32323682a06012566""}]",90,SEK,2016-06-01T10:46:21.865Z
ObjectId(57530c4706d7b5c2363a170e),ObjectId(57530c4706d7b5c2363a170d),"[{""$oid"":""56e008f32323682a06012568""}]",250,SEK,2016-06-04T17:13:43.582Z
ObjectId(57556c1206d7b5c2363a1712),ObjectId(57556c1206d7b5c2363a1711),"[{""$oid"":""56e008f32323682a06012568""}]",250,SEK,2016-06-06T12:26:58.005Z
ObjectId(575578f406d7b5c2363a1716),ObjectId(575578f406d7b5c2363a1715),"[{""$oid"":""56e008f32323682a06012566""}]",90,SEK,2016-06-06T13:21:56.069Z
ObjectId(5755791b06d7b5c2363a171a),ObjectId(5755791b06d7b5c2363a1719),"[{""$oid"":""56e008f32323682a06012566""}]",90,SEK,2016-06-06T13:22:35.100Z
ObjectId(5755b4cd06d7b5c2363a171e),ObjectId(5755b4cd06d7b5c2363a171d),"[{""$oid"":""56e008f32323682a06012568""}]",250,SEK,2016-06-06T17:37:17.681Z
ObjectId(5755da2906d7b5c2363a1722),ObjectId(5755da2906d7b5c2363a1721),"[{""$oid"":""56e008f32323682a06012568""}]",250,SEK,2016-06-06T20:16:41.572Z
ObjectId(5756871806d7b5c2363a1726),ObjectId(5756871806d7b5c2363a1725),"[{""$oid"":""56e008f32323682a06012567""}]",100,SEK,2016-06-07T08:34:32.111Z
ObjectId(575e600106d7b5c2363a1730),ObjectId(575e600106d7b5c2363a172f),"[{""$oid"":""56e008f32323682a06012568""}]",250,SEK,2016-06-13T07:25:53.851Z
ObjectId(575e85b406d7b5c2363a1734),ObjectId(575e85b406d7b5c2363a1733),"[{""$oid"":""56e008f32323682a06012567""}]",100,SEK,2016-06-13T10:06:44.144Z
ObjectId(57624b9606d7b5c2363a1738),ObjectId(57624b9606d7b5c2363a1737),"[{""$oid"":""56e008f32323682a06012568""}]",250,SEK,2016-06-16T06:47:50.121Z
ObjectId(5762e79006d7b5c2363a173c),ObjectId(5762e79006d7b5c2363a173b),"[{""$oid"":""56e008f32323682a06012568""}]",250,SEK,2016-06-16T17:53:20.983Z
ObjectId(576582618e791d7826721226),ObjectId(576582618e791d7826721225),"[{""$oid"":""56e008f32323682a06012565""}]",40,SEK,2016-06-18T17:18:25.849Z
ObjectId(576701dd8e791d782672122d),ObjectId(576701dd8e791d782672122c),"[{""$oid"":""56e008f32323682a06012567""}]",100,SEK,2016-06-19T20:34:37.275Z
ObjectId(576e43908e791d7826721232),ObjectId(576e43908e791d7826721231),"[{""$oid"":""56e008f32323682a06012567""}]",100,SEK,2016-06-25T08:40:48.362Z
ObjectId(576f68ee8e791d7826721236),ObjectId(576f68ee8e791d7826721235),"[{""$oid"":""56e008f32323682a0601256a""}]",250,SEK,2016-06-26T05:32:30.554Z
ObjectId(576ff0b08e791d782672123a),ObjectId(576ff0b08e791d7826721239),"[{""$oid"":""56e008f32323682a06012568""}]",250,SEK,2016-06-26T15:11:44.431Z
ObjectId(57701e488e791d782672123f),ObjectId(57701e488e791d782672123e),"[{""$oid"":""56e008f32323682a0601256a""}]",250,SEK,2016-06-26T18:26:16.360Z
ObjectId(57701e668e791d7826721243),ObjectId(57701e668e791d7826721242),"[{""$oid"":""56e008f32323682a06012568""}]",250,SEK,2016-06-26T18:26:46.408Z
ObjectId(5770b79e8e791d7826721247),ObjectId(5770b79e8e791d7826721246),"[{""$oid"":""56e008f32323682a06012568""}]",250,SEK,2016-06-27T05:20:30.066Z
ObjectId(5770ca5a8e791d782672124c),ObjectId(5770ca5a8e791d782672124b),"[{""$oid"":""56e008f32323682a06012569""}]",100,SEK,2016-06-27T06:40:26.523Z
ObjectId(5772d7108e791d7826721251),ObjectId(5772d7108e791d7826721250),"[{""$oid"":""56e008f32323682a06012566""}]",90,SEK,2016-06-28T19:59:12.315Z
ObjectId(5773ae6f8e791d7826721258),ObjectId(5773ae6f8e791d7826721257),"[{""$oid"":""56e008f32323682a06012567""}]",100,SEK,2016-06-29T11:18:07.965Z
ObjectId(5776696c8e791d782672125c),ObjectId(5776696c8e791d782672125b),"[{""$oid"":""56e008f32323682a06012568""}]",250,SEK,2016-07-01T13:00:28.807Z
ObjectId(577b5a728e791d782672126a),ObjectId(577b5a728e791d7826721269),"[{""$oid"":""56e008f32323682a06012566""}]",90,SEK,2016-07-05T06:57:54.883Z
ObjectId(577cc2238e791d782672126f),ObjectId(577cc2238e791d782672126e),"[{""$oid"":""56e008f32323682a06012565""}]",40,SEK,2016-07-06T08:32:35.362Z
ObjectId(577d09328e791d7826721274),ObjectId(577d09328e791d7826721273),"[{""$oid"":""56e008f32323682a06012566""}]",90,SEK,2016-07-06T13:35:46.123Z
ObjectId(577e632b8e791d7826721279),ObjectId(577e632b8e791d7826721278),"[{""$oid"":""56e008f32323682a06012568""}]",250,SEK,2016-07-07T14:11:55.214Z
ObjectId(5784da078e791d782672127e),ObjectId(5784da078e791d782672127d),"[{""$oid"":""56e008f32323682a06012568""}]",250,SEK,2016-07-12T11:52:39.963Z
ObjectId(5784dafa8e791d7826721283),ObjectId(5784dafa8e791d7826721282),"[{""$oid"":""56e008f32323682a06012568""}]",250,SEK,2016-07-12T11:56:42.599Z
ObjectId(5788788c8e791d7826721288),ObjectId(5788788c8e791d7826721287),"[{""$oid"":""56e008f32323682a06012565""}]",40,SEK,2016-07-15T05:45:48.377Z
ObjectId(578bab498e791d782672128c),ObjectId(578bab498e791d782672128b),"[{""$oid"":""56e008f32323682a06012568""}]",250,SEK,2016-07-17T15:59:05.999Z
ObjectId(579086ca8e791d7826721290),ObjectId(579086ca8e791d782672128f),"[{""$oid"":""56e008f32323682a06012568""}]",250,SEK,2016-07-21T08:24:42.749Z
ObjectId(57911dcc8e791d7826721295),ObjectId(57911dcc8e791d7826721294),"[{""$oid"":""56e008f32323682a06012567""}]",100,SEK,2016-07-21T19:09:00.921Z
ObjectId(5795e6588e791d782672129a),ObjectId(5795e6588e791d7826721299),"[{""$oid"":""56e008f32323682a06012565""}]",40,SEK,2016-07-25T10:13:44.839Z
ObjectId(579786918e791d782672129e),ObjectId(579786918e791d782672129d),"[{""$oid"":""56e008f32323682a06012568""}]",250,SEK,2016-07-26T15:49:37.903Z
ObjectId(5797a6698e791d78267212a3),ObjectId(5797a6698e791d78267212a2),"[{""$oid"":""56e008f32323682a06012568""}]",250,SEK,2016-07-26T18:05:29.074Z
ObjectId(5798a9068e791d78267212a8),ObjectId(5798a9068e791d78267212a7),"[{""$oid"":""56e008f32323682a06012567""}]",100,SEK,2016-07-27T12:28:54.322Z
ObjectId(57a11ca58e791d78267212af),ObjectId(57a11ca58e791d78267212ae),"[{""$oid"":""56e008f32323682a06012565""}]",40,SEK,2016-08-02T22:20:21.665Z
ObjectId(57a84e9d8e791d78267212b4),ObjectId(57a84e9d8e791d78267212b3),"[{""$oid"":""56e008f32323682a06012569""}]",100,SEK,2016-08-08T09:19:25.460Z
ObjectId(57aa2c0e8e791d78267212b9),ObjectId(57aa2c0e8e791d78267212b8),"[{""$oid"":""56e008f32323682a06012565""}]",40,SEK,2016-08-09T19:16:30.710Z
ObjectId(57aa39b68e791d78267212be),ObjectId(57aa39b68e791d78267212bd),"[{""$oid"":""56e008f32323682a06012565""}]",40,SEK,2016-08-09T20:14:46.462Z
ObjectId(57ab1a548e791d78267212c3),ObjectId(57ab1a548e791d78267212c2),"[{""$oid"":""56e008f32323682a06012565""}]",40,SEK,2016-08-10T12:13:08.763Z
ObjectId(57aedfe68e791d78267212c8),ObjectId(57aedfe68e791d78267212c7),"[{""$oid"":""56e008f32323682a06012568""}]",250,SEK,2016-08-13T08:52:54.890Z
ObjectId(57aef5f08e791d78267212cd),ObjectId(57aef5f08e791d78267212cc),"[{""$oid"":""56e008f32323682a06012567""}]",100,SEK,2016-08-13T10:26:56.043Z
ObjectId(57af78228e791d78267212d2),ObjectId(57af78228e791d78267212d1),"[{""$oid"":""56e008f32323682a06012566""}]",90,SEK,2016-08-13T19:42:26.849Z
ObjectId(57b374d08e791d78267212d9),ObjectId(57b374d08e791d78267212d8),"[{""$oid"":""56e008f32323682a06012566""}]",90,SEK,2016-08-16T20:17:20.616Z
ObjectId(57b6df2c8e791d78267212e0),ObjectId(57b6df2c8e791d78267212df),"[{""$oid"":""56e008f32323682a06012568""}]",250,SEK,2016-08-19T10:27:56.507Z
ObjectId(57c41936774b3f1d42ca2487),ObjectId(57c41936774b3f1d42ca2486),"[{""$oid"":""56e008f32323682a06012568""}]",250,SEK,2016-08-29T11:15:02.819Z
ObjectId(57c96d44774b3f1d42ca248e),ObjectId(57c96d44774b3f1d42ca248d),"[{""$oid"":""56e008f32323682a06012566""}]",90,SEK,2016-09-02T12:15:00.734Z
ObjectId(57ca7536774b3f1d42ca2493),ObjectId(57ca7536774b3f1d42ca2492),"[{""$oid"":""56e008f32323682a06012566""}]",90,SEK,2016-09-03T07:01:10.017Z
ObjectId(57cd291d774b3f1d42ca2498),ObjectId(57cd291d774b3f1d42ca2497),"[{""$oid"":""56e008f32323682a06012568""}]",250,SEK,2016-09-05T08:13:17.526Z
ObjectId(57cebf49774b3f1d42ca249d),ObjectId(57cebf49774b3f1d42ca249c),"[{""$oid"":""56e008f32323682a06012567""}]",100,SEK,2016-09-06T13:06:17.529Z
ObjectId(57cff668774b3f1d42ca24a2),ObjectId(57cff668774b3f1d42ca24a1),"[{""$oid"":""56e008f32323682a06012565""}]",40,SEK,2016-09-07T11:13:44.564Z
ObjectId(57d02ec7774b3f1d42ca24a7),ObjectId(57d02ec7774b3f1d42ca24a6),"[{""$oid"":""56e008f32323682a06012565""}]",40,SEK,2016-09-07T15:14:15.344Z
ObjectId(57d13ee8774b3f1d42ca24ac),ObjectId(57d13ee8774b3f1d42ca24ab),"[{""$oid"":""56e008f32323682a06012566""}]",90,SEK,2016-09-08T10:35:20.144Z
ObjectId(57d198db774b3f1d42ca24b1),ObjectId(57d198db774b3f1d42ca24b0),"[{""$oid"":""56e008f32323682a0601256a""}]",250,SEK,2016-09-08T16:59:07.145Z
ObjectId(57d271e2774b3f1d42ca24b6),ObjectId(57d271e2774b3f1d42ca24b5),"[{""$oid"":""56e008f32323682a06012567""}]",100,SEK,2016-09-09T08:25:06.592Z
ObjectId(57d421fa774b3f1d42ca24bb),ObjectId(57d421fa774b3f1d42ca24ba),"[{""$oid"":""56e008f32323682a06012565""}]",40,SEK,2016-09-10T15:08:42.451Z
ObjectId(57d52f04774b3f1d42ca24c0),ObjectId(57d52f04774b3f1d42ca24bf),"[{""$oid"":""56e008f32323682a06012566""}]",90,SEK,2016-09-11T10:16:36.387Z
ObjectId(57d980eb774b3f1d42ca24c5),ObjectId(57d980eb774b3f1d42ca24c4),"[{""$oid"":""56e008f32323682a06012566""}]",90,SEK,2016-09-14T16:55:07.308Z
ObjectId(57dfa2a5774b3f1d42ca24cf),ObjectId(57dfa2a5774b3f1d42ca24ce),"[{""$oid"":""56e008f32323682a06012565""}]",40,SEK,2016-09-19T08:32:37.128Z
ObjectId(57e0dfa8774b3f1d42ca24d4),ObjectId(57e0dfa8774b3f1d42ca24d3),"[{""$oid"":""56e008f32323682a06012566""}]",90,SEK,2016-09-20T07:05:12.502Z
ObjectId(57e16225774b3f1d42ca2520),ObjectId(57e16225774b3f1d42ca251f),"[{""$oid"":""56e008f32323682a06012566""}]",90,SEK,2016-09-20T16:21:57.771Z
ObjectId(57e5279e774b3f1d42ca2525),ObjectId(57e5279e774b3f1d42ca2524),"[{""$oid"":""56e008f32323682a06012565""}]",40,SEK,2016-09-23T13:01:18.948Z
ObjectId(57e56f90774b3f1d42ca252a),ObjectId(57e56f90774b3f1d42ca2529),"[{""$oid"":""56e008f32323682a06012565""}]",40,SEK,2016-09-23T18:08:16.177Z
ObjectId(57e77ee4774b3f1d42ca252f),ObjectId(57e77ee4774b3f1d42ca252e),"[{""$oid"":""56e008f32323682a06012565""}]",40,SEK,2016-09-25T07:38:12.388Z
ObjectId(57e7908c774b3f1d42ca2534),ObjectId(57e7908c774b3f1d42ca2533),"[{""$oid"":""56e008f32323682a06012566""}]",90,SEK,2016-09-25T08:53:32.237Z
ObjectId(57e7fa3b774b3f1d42ca253f),ObjectId(57e7fa3b774b3f1d42ca253e),"[{""$oid"":""56e008f32323682a06012566""}]",90,SEK,2016-09-25T16:24:27.240Z
ObjectId(57e8e142774b3f1d42ca2544),ObjectId(57e8e142774b3f1d42ca2543),"[{""$oid"":""56e008f32323682a06012566""}]",90,SEK,2016-09-26T08:50:10.128Z
ObjectId(57e9709a774b3f1d42ca2549),ObjectId(57e9709a774b3f1d42ca2548),"[{""$oid"":""56e008f32323682a06012568""}]",250,SEK,2016-09-26T19:01:46.267Z
ObjectId(57eb7c7a774b3f1d42ca2550),ObjectId(57eb7c7a774b3f1d42ca254f),"[{""$oid"":""56e008f32323682a06012566""}]",90,SEK,2016-09-28T08:16:58.849Z
ObjectId(57eb7c99774b3f1d42ca2555),ObjectId(57eb7c99774b3f1d42ca2554),"[{""$oid"":""56e008f32323682a06012566""}]",90,SEK,2016-09-28T08:17:29.962Z
ObjectId(57ecabe9774b3f1d42ca255a),ObjectId(57ecabe9774b3f1d42ca2559),"[{""$oid"":""56e008f32323682a06012568""}]",250,SEK,2016-09-29T05:51:37.574Z
ObjectId(57ed6f35774b3f1d42ca255f),ObjectId(57ed6f35774b3f1d42ca255e),"[{""$oid"":""56e008f32323682a06012566""}]",90,SEK,2016-09-29T19:44:53.318Z
ObjectId(57f11323774b3f1d42ca2566),ObjectId(57f11323774b3f1d42ca2565),"[{""$oid"":""56e008f32323682a06012566""}]",90,SEK,2016-10-02T14:01:07.572Z
ObjectId(57f20054774b3f1d42ca256b),ObjectId(57f20054774b3f1d42ca256a),"[{""$oid"":""56e008f32323682a06012567""}]",100,SEK,2016-10-03T06:53:08.647Z
ObjectId(57f2b8a3774b3f1d42ca2570),ObjectId(57f2b8a3774b3f1d42ca256f),"[{""$oid"":""56e008f32323682a06012566""}]",90,SEK,2016-10-03T19:59:31.548Z
ObjectId(57f41253774b3f1d42ca2575),ObjectId(57f41253774b3f1d42ca2574),"[{""$oid"":""56e008f32323682a06012565""}]",40,SEK,2016-10-04T20:34:27.189Z
ObjectId(57f4ed1a774b3f1d42ca257a),ObjectId(57f4ed1a774b3f1d42ca2579),"[{""$oid"":""56e008f32323682a06012566""}]",90,SEK,2016-10-05T12:07:54.350Z
ObjectId(57f5320a774b3f1d42ca257f),ObjectId(57f5320a774b3f1d42ca257e),"[{""$oid"":""56e008f32323682a06012568""}]",250,SEK,2016-10-05T17:02:02.205Z
ObjectId(57f5ef89774b3f1d42ca258e),ObjectId(57f5ef89774b3f1d42ca258d),"[{""$oid"":""56e008f32323682a06012567""}]",100,SEK,2016-10-06T06:30:33.908Z
ObjectId(57fbaa94774b3f1d42ca2593),ObjectId(57fbaa94774b3f1d42ca2592),"[{""$oid"":""56e008f32323682a06012566""}]",90,SEK,2016-10-10T14:49:56.852Z
ObjectId(57fd3f0f774b3f1d42ca25a0),ObjectId(57fd3f0f774b3f1d42ca259f),"[{""$oid"":""57fbb7e5774b3f1d42ca259a""}]",150,SEK,2016-10-11T19:35:43.737Z
ObjectId(57fd45aa774b3f1d42ca25a5),ObjectId(57fd45aa774b3f1d42ca25a4),"[{""$oid"":""57fbb7e5774b3f1d42ca259a""}]",150,SEK,2016-10-11T20:03:54.996Z
ObjectId(57fd4aa5774b3f1d42ca25aa),ObjectId(57fd4aa5774b3f1d42ca25a9),"[{""$oid"":""57fbb7e5774b3f1d42ca259a""}]",150,SEK,2016-10-11T20:25:09.689Z
ObjectId(57fde17f774b3f1d42ca25af),ObjectId(57fde17f774b3f1d42ca25ae),"[{""$oid"":""57fbb7e5774b3f1d42ca259a""}]",150,SEK,2016-10-12T07:08:47.244Z
ObjectId(57fdf594774b3f1d42ca25b4),ObjectId(57fdf594774b3f1d42ca25b3),"[{""$oid"":""56e008f32323682a06012566""}]",90,SEK,2016-10-12T08:34:28.939Z
ObjectId(57fe0754774b3f1d42ca25b9),ObjectId(57fe0754774b3f1d42ca25b8),"[{""$oid"":""57fbb7e5774b3f1d42ca259a""}]",150,SEK,2016-10-12T09:50:12.775Z
ObjectId(57fe0a2d774b3f1d42ca25be),ObjectId(57fe0a2d774b3f1d42ca25bd),"[{""$oid"":""56e008f32323682a06012567""}]",100,SEK,2016-10-12T10:02:21.794Z
ObjectId(57fe3847774b3f1d42ca25c3),ObjectId(57fe3847774b3f1d42ca25c2),"[{""$oid"":""56e008f32323682a06012565""}]",40,SEK,2016-10-12T13:19:03.451Z
ObjectId(57ff6741774b3f1d42ca25c7),ObjectId(57ff6741774b3f1d42ca25c6),"[{""$oid"":""56e008f32323682a06012566""}]",90,SEK,2016-10-13T10:51:45.570Z
ObjectId(58007e1c774b3f1d42ca25cc),ObjectId(58007e1c774b3f1d42ca25cb),"[{""$oid"":""57fbb7e5774b3f1d42ca259a""}]",150,SEK,2016-10-14T06:41:32.661Z
ObjectId(5800c7b1774b3f1d42ca25d1),ObjectId(5800c7b1774b3f1d42ca25d0),"[{""$oid"":""56e008f32323682a06012566""}]",90,SEK,2016-10-14T11:55:29.019Z
ObjectId(58028781774b3f1d42ca25d6),ObjectId(58028781774b3f1d42ca25d5),"[{""$oid"":""57fbb7e5774b3f1d42ca259a""}]",150,SEK,2016-10-15T19:46:09.488Z
ObjectId(5802ae01774b3f1d42ca25db),ObjectId(5802ae01774b3f1d42ca25da),"[{""$oid"":""56e008f32323682a06012566""}]",90,SEK,2016-10-15T22:30:25.166Z
ObjectId(5803df89774b3f1d42ca25e0),ObjectId(5803df89774b3f1d42ca25df),"[{""$oid"":""57fbb7e5774b3f1d42ca259a""}]",150,SEK,2016-10-16T20:14:01.168Z
ObjectId(5805fdc7774b3f1d42ca25e5),ObjectId(5805fdc7774b3f1d42ca25e4),"[{""$oid"":""57fbb7e5774b3f1d42ca259a""}]",150,SEK,2016-10-18T10:47:35.646Z
ObjectId(580721c8774b3f1d42ca25ea),ObjectId(580721c8774b3f1d42ca25e9),"[{""$oid"":""56e008f32323682a06012566""}]",90,SEK,2016-10-19T07:33:28.110Z
ObjectId(580737bd774b3f1d42ca25ef),ObjectId(580737bd774b3f1d42ca25ee),"[{""$oid"":""56e008f32323682a06012565""}]",40,SEK,2016-10-19T09:07:09.704Z
ObjectId(58079d0a774b3f1d42ca25f4),ObjectId(58079d0a774b3f1d42ca25f3),"[{""$oid"":""56e008f32323682a06012569""}]",100,SEK,2016-10-19T16:19:22.628Z
ObjectId(58079d92774b3f1d42ca25f9),ObjectId(58079d92774b3f1d42ca25f8),"[{""$oid"":""56e008f32323682a06012567""}]",100,SEK,2016-10-19T16:21:38.892Z
ObjectId(580923b9774b3f1d42ca25fe),ObjectId(580923b9774b3f1d42ca25fd),"[{""$oid"":""57fbb7e5774b3f1d42ca259a""}]",150,SEK,2016-10-20T20:06:17.533Z
ObjectId(580dee56774b3f1d42ca2603),ObjectId(580dee56774b3f1d42ca2602),"[{""$oid"":""57fbb7e5774b3f1d42ca259a""}]",150,SEK,2016-10-24T11:19:50.092Z
ObjectId(580f637fc04f63e50993687c),ObjectId(580f637fc04f63e50993687b),"[{""$oid"":""57fbb7e5774b3f1d42ca259a""}]",150,SEK,2016-10-25T13:51:59.473Z
ObjectId(581059c6c04f63e509936883),ObjectId(581059c6c04f63e509936882),"[{""$oid"":""56e008f32323682a06012568""}]",250,SEK,2016-10-26T07:22:46.636Z
ObjectId(5814604fc04f63e509936888),ObjectId(5814604fc04f63e509936887),"[{""$oid"":""56e008f32323682a06012565""}]",40,SEK,2016-10-29T08:39:43.696Z
ObjectId(5815d65ec04f63e50993688d),ObjectId(5815d65ec04f63e50993688c),"[{""$oid"":""57fbb7e5774b3f1d42ca259a""}]",150,SEK,2016-10-30T11:15:42.089Z
ObjectId(5815ea77c04f63e5099368b6),ObjectId(5815ea77c04f63e5099368b5),"[{""$oid"":""57fbb7e5774b3f1d42ca259a""}]",150,SEK,2016-10-30T12:41:27.643Z
ObjectId(581640cfc04f63e5099368bb),ObjectId(581640cfc04f63e5099368ba),"[{""$oid"":""56e008f32323682a06012567""}]",100,SEK,2016-10-30T18:49:51.839Z
ObjectId(58172decc04f63e5099368c0),ObjectId(58172decc04f63e5099368bf),"[{""$oid"":""56e008f32323682a06012566""}]",90,SEK,2016-10-31T11:41:32.396Z
ObjectId(58190fc0c04f63e5099368cd),ObjectId(58190fc0c04f63e5099368cc),"[{""$oid"":""56e008f32323682a06012566""}]",90,SEK,2016-11-01T21:57:20.794Z
ObjectId(5819c593c04f63e5099368d2),ObjectId(5819c593c04f63e5099368d1),"[{""$oid"":""56e008f32323682a06012568""}]",250,SEK,2016-11-02T10:53:07.663Z
ObjectId(5819e320c04f63e5099368d7),ObjectId(5819e320c04f63e5099368d6),"[{""$oid"":""56e008f32323682a06012568""}]",250,SEK,2016-11-02T12:59:12.646Z
ObjectId(581a3f01c04f63e5099368dc),ObjectId(581a3f01c04f63e5099368db),"[{""$oid"":""57fbb7e5774b3f1d42ca259a""}]",150,SEK,2016-11-02T19:31:13.788Z
ObjectId(581a4ec4c04f63e5099368e5),ObjectId(581a4ec4c04f63e5099368e4),"[{""$oid"":""56e008f32323682a06012566""}]",90,SEK,2016-11-02T20:38:28.408Z
ObjectId(581b2099c04f63e5099368ed),ObjectId(581b2099c04f63e5099368ec),"[{""$oid"":""56e008f32323682a06012565""}]",40,SEK,2016-11-03T11:33:45.185Z
ObjectId(581c28f5c04f63e5099368f2),ObjectId(581c28f5c04f63e5099368f1),"[{""$oid"":""57fbb7e5774b3f1d42ca259a""}]",150,SEK,2016-11-04T06:21:41.479Z
ObjectId(581e40b0c04f63e5099368f7),ObjectId(581e40b0c04f63e5099368f6),"[{""$oid"":""56e008f32323682a06012567""}]",100,SEK,2016-11-05T20:27:28.779Z
ObjectId(581efbc8c04f63e5099368fc),ObjectId(581efbc8c04f63e5099368fb),"[{""$oid"":""57fbb7e5774b3f1d42ca259a""}]",150,SEK,2016-11-06T09:45:44.189Z
ObjectId(581f1bcec04f63e509936901),ObjectId(581f1bcec04f63e509936900),"[{""$oid"":""57fbb7e5774b3f1d42ca259a""}]",150,SEK,2016-11-06T12:02:22.678Z
ObjectId(581f3e8ac04f63e509936906),ObjectId(581f3e8ac04f63e509936905),"[{""$oid"":""56e008f32323682a06012566""}]",90,SEK,2016-11-06T14:30:34.365Z
ObjectId(581f5000c04f63e50993690b),ObjectId(581f5000c04f63e50993690a),"[{""$oid"":""56e008f32323682a06012566""}]",90,SEK,2016-11-06T15:45:04.217Z
ObjectId(581f88a4c04f63e509936914),ObjectId(581f88a4c04f63e509936913),"[{""$oid"":""57fbb7e5774b3f1d42ca259a""}]",150,SEK,2016-11-06T19:46:44.139Z
ObjectId(582090a7c04f63e50993691d),ObjectId(582090a7c04f63e50993691c),"[{""$oid"":""57fbb7e5774b3f1d42ca259a""}]",150,SEK,2016-11-07T14:33:11.675Z
ObjectId(5820911bc04f63e509936922),ObjectId(5820911bc04f63e509936921),"[{""$oid"":""57fbb7e5774b3f1d42ca259a""}]",150,SEK,2016-11-07T14:35:07.431Z
ObjectId(5820e112c04f63e509936926),ObjectId(5820e112c04f63e509936925),"[{""$oid"":""56e008f32323682a06012566""}]",90,SEK,2016-11-07T20:16:18.508Z
ObjectId(5820ef7ec04f63e50993692b),ObjectId(5820ef7ec04f63e50993692a),"[{""$oid"":""57fbb7e5774b3f1d42ca259a""}]",150,SEK,2016-11-07T21:17:50.752Z
ObjectId(58223f46c04f63e509936934),ObjectId(58223f46c04f63e509936933),"[{""$oid"":""56e008f32323682a06012565""}]",40,SEK,2016-11-08T21:10:30.944Z
ObjectId(58225067c04f63e509936939),ObjectId(58225067c04f63e509936938),"[{""$oid"":""56e008f32323682a06012566""}]",90,SEK,2016-11-08T22:23:35.074Z
ObjectId(5822db04c04f63e50993693e),ObjectId(5822db04c04f63e50993693d),"[{""$oid"":""56e008f32323682a06012568""}]",250,SEK,2016-11-09T08:15:00.162Z
ObjectId(5823578ac04f63e509936944),ObjectId(5823578ac04f63e509936943),"[{""$oid"":""56e008f32323682a06012567""}]",100,SEK,2016-11-09T17:06:18.357Z
ObjectId(58239c87c04f63e50993694b),ObjectId(58239c87c04f63e50993694a),"[{""$oid"":""56e008f32323682a06012568""}]",250,SEK,2016-11-09T22:00:39.317Z
ObjectId(5824684dc04f63e509936950),ObjectId(5824684dc04f63e50993694f),"[{""$oid"":""56e008f32323682a06012568""}]",250,SEK,2016-11-10T12:30:05.358Z
ObjectId(5824beb0ce38c6f137e59112),ObjectId(5824beb0ce38c6f137e59111),"[{""$oid"":""57fbb7e5774b3f1d42ca259a""}]",150,SEK,2016-11-10T18:38:40.122Z
ObjectId(58264cebce38c6f137e59119),ObjectId(58264cebce38c6f137e59118),"[{""$oid"":""56e008f32323682a06012566""}]",90,SEK,2016-11-11T22:57:47.152Z
ObjectId(5826c282ce38c6f137e5911e),ObjectId(5826c282ce38c6f137e5911d),"[{""$oid"":""56e008f32323682a06012566""}]",90,SEK,2016-11-12T07:19:30.879Z
ObjectId(582893b0ce38c6f137e59124),ObjectId(582893b0ce38c6f137e59123),"[{""$oid"":""57fbb7e5774b3f1d42ca259a""}]",150,SEK,2016-11-13T16:24:16.867Z
ObjectId(582893f5ce38c6f137e59129),ObjectId(582893f5ce38c6f137e59128),"[{""$oid"":""57fbb7e5774b3f1d42ca259a""}]",150,SEK,2016-11-13T16:25:25.052Z
ObjectId(58298a30ce38c6f137e59130),ObjectId(58298a30ce38c6f137e5912f),"[{""$oid"":""56e008f32323682a0601256a""}]",250,SEK,2016-11-14T09:56:00.075Z
ObjectId(582adeacce38c6f137e59135),ObjectId(582adeacce38c6f137e59134),"[{""$oid"":""56e008f32323682a06012565""}]",40,SEK,2016-11-15T10:08:44.196Z
ObjectId(582ca066ce38c6f137e5913a),ObjectId(582ca066ce38c6f137e59139),"[{""$oid"":""56e008f32323682a06012566""}]",90,SEK,2016-11-16T18:07:34.903Z
ObjectId(582cd84ece38c6f137e5913f),ObjectId(582cd84ece38c6f137e5913e),"[{""$oid"":""57fbb7e5774b3f1d42ca259a""}]",150,SEK,2016-11-16T22:06:06.964Z
ObjectId(583186d0ce38c6f137e59145),ObjectId(583186d0ce38c6f137e59144),"[{""$oid"":""56e008f32323682a06012565""}]",40,SEK,2016-11-20T11:19:44.664Z
ObjectId(5831f63ece38c6f137e5914a),ObjectId(5831f63ece38c6f137e59149),"[{""$oid"":""56e008f32323682a06012566""}]",90,SEK,2016-11-20T19:15:10.631Z
ObjectId(583428bcce38c6f137e5914f),ObjectId(583428bcce38c6f137e5914e),"[{""$oid"":""56e008f32323682a06012565""}]",40,SEK,2016-11-22T11:15:08.939Z
ObjectId(5834a644ce38c6f137e59154),ObjectId(5834a644ce38c6f137e59153),"[{""$oid"":""56e008f32323682a06012565""}]",40,SEK,2016-11-22T20:10:44.017Z
ObjectId(58374509ce38c6f137e59160),ObjectId(58374509ce38c6f137e5915f),"[{""$oid"":""56e008f32323682a06012566""}]",90,SEK,2016-11-24T19:52:41.956Z
ObjectId(5839554fce38c6f137e59165),ObjectId(5839554fce38c6f137e59164),"[{""$oid"":""56e008f32323682a06012568""}]",250,SEK,2016-11-26T09:26:39.831Z
ObjectId(58395927ce38c6f137e59169),ObjectId(58395927ce38c6f137e59168),"[{""$oid"":""56e008f32323682a0601256a""}]",250,SEK,2016-11-26T09:43:03.892Z
ObjectId(583ab76fce38c6f137e5916d),ObjectId(583ab76fce38c6f137e5916c),"[{""$oid"":""56e008f32323682a06012567""}]",100,SEK,2016-11-27T10:37:35.233Z
ObjectId(583b00aece38c6f137e59171),ObjectId(583b00aece38c6f137e59170),"[{""$oid"":""56e008f32323682a0601256a""}]",250,SEK,2016-11-27T15:50:06.648Z
ObjectId(583bf7face38c6f137e59176),ObjectId(583bf7face38c6f137e59175),"[{""$oid"":""56e008f32323682a06012565""}]",40,SEK,2016-11-28T09:25:14.697Z
ObjectId(583d8e76ce38c6f137e59183),ObjectId(583d8e76ce38c6f137e59182),"[{""$oid"":""56e008f32323682a06012565""}]",40,SEK,2016-11-29T14:19:34.988Z
ObjectId(583de138ce38c6f137e59188),ObjectId(583de138ce38c6f137e59187),"[{""$oid"":""56e008f32323682a06012568""}]",250,SEK,2016-11-29T20:12:40.796Z
ObjectId(583e8047ce38c6f137e5918d),ObjectId(583e8047ce38c6f137e5918c),"[{""$oid"":""56e008f32323682a06012565""}]",40,SEK,2016-11-30T07:31:19.139Z
ObjectId(583ed0e8ce38c6f137e59192),ObjectId(583ed0e8ce38c6f137e59191),"[{""$oid"":""56e008f32323682a06012566""}]",90,SEK,2016-11-30T13:15:20.586Z
ObjectId(583fe03dce38c6f137e59197),ObjectId(583fe03dce38c6f137e59196),"[{""$oid"":""56e008f32323682a06012568""}]",250,SEK,2016-12-01T08:33:01.757Z
ObjectId(583fe7a1ce38c6f137e5919c),ObjectId(583fe7a1ce38c6f137e5919b),"[{""$oid"":""56e008f32323682a06012567""}]",100,SEK,2016-12-01T09:04:33.580Z
